品牌,子品牌,车名,最低价,最高价
本田,东风本田,杰德,12.99,16.59
本田,东风本田,思域,11.99,16.99
本田,东风本田,哥瑞,7.98,11.98
本田,东风本田,竞瑞,8.99,12.79
本田,东风本田,享域,9.98,13.68
本田,东风本田,INSPIRE,18.28,24.98
本田,东风本田,本田XR-V,12.78,17.59
本田,东风本田,本田CR-V,16.98,27.68
本田,东风本田,本田UR-V,24.68,32.98
本田,东风本田,艾力绅,24.98,32.88
本田,东风本田,思铂睿,17.99,26.79
本田,东风本田,本田S,暂无,暂无
本田,广汽本田,皓影,暂无,暂无
本田,广汽本田,飞度,7.38,10.28
本田,广汽本田,锋范,7.98,10.68
本田,广汽本田,凌派,9.98,13.98
本田,广汽本田,雅阁,16.98,25.98
本田,广汽本田,缤智,12.78,18.98
本田,广汽本田,冠道,22.00,32.98
本田,广汽本田,奥德赛,22.98,37.68
本田,广汽本田,本田C,暂无,暂无
本田,广汽本田,锋范经典,暂无,暂无
本田,广汽本田,思迪,暂无,暂无
本田,广汽本田,歌诗图,暂无,暂无
本田,本田(进口),Brio,暂无,暂无
本田,本田(进口),Gear,暂无,暂无
本田,本田(进口),N BOX,暂无,暂无
本田,本田(进口),N ONE,暂无,暂无
本田,本田(进口),本田e,暂无,暂无
本田,本田(进口),NeuV,暂无,暂无
本田,本田(进口),N-WGN,暂无,暂无
本田,本田(进口),Shuttle,暂无,暂无
本田,本田(进口),Small RS,暂无,暂无
本田,本田(进口),飞度(进口),暂无,暂无
本田,本田(进口),锋范(海外),暂无,暂无
本田,本田(进口),CONCEPT B,暂无,暂无
本田,本田(进口),INSIGHT,暂无,暂无
本田,本田(进口),Vision XS-1,暂无,暂无
本田,本田(进口),杰德(海外),暂无,暂无
本田,本田(进口),思域(海外),暂无,暂无
本田,本田(进口),CLARITY,暂无,暂无
本田,本田(进口),Honda Design C 001,暂无,暂无
本田,本田(进口),本田AC-X,暂无,暂无
本田,本田(进口),雅阁(海外),暂无,暂无
本田,本田(进口),里程,暂无,暂无
本田,本田(进口),本田HR-V,暂无,暂无
本田,本田(进口),本田Urban,暂无,暂无
本田,本田(进口),本田WR-V,暂无,暂无
本田,本田(进口),缤智(海外),暂无,暂无
本田,本田(进口),CONCEPT V,暂无,暂无
本田,本田(进口),本田BR-V,暂无,暂无
本田,本田(进口),本田CR-V(海外),暂无,暂无
本田,本田(进口),CONCEPT D,暂无,暂无
本田,本田(进口),Passport,暂无,暂无
本田,本田(进口),Pilot,暂无,暂无
本田,本田(进口),CONCEPT M,暂无,暂无
本田,本田(进口),Freed,暂无,暂无
本田,本田(进口),STEP WGN,暂无,暂无
本田,本田(进口),奥德赛(海外),暂无,暂无
本田,本田(进口),EV-Ster,暂无,暂无
本田,本田(进口),Sports EV Concept,暂无,暂无
本田,本田(进口),本田CR-Z,暂无,暂无
本田,本田(进口),本田NSX,暂无,暂无
本田,本田(进口),本田S660,暂无,暂无
本田,本田(进口),Ridgeline,暂无,暂无
本田,本田(进口),Tomo,暂无,暂无
奥迪,一汽-大众奥迪,奥迪Q2L e-tron,暂无,暂无
本田,本田(进口),本田Urban EV,暂无,暂无
本田,本田(进口),本田FCV,暂无,暂无
奥迪,一汽-大众奥迪,奥迪A3,18.86,25.27
奥迪,一汽-大众奥迪,奥迪A4L,28.68,40.18
奥迪,一汽-大众奥迪,奥迪A6L,40.98,65.08
本田,本田(进口),本田FCX,暂无,暂无
本田,本田(进口),歌诗图(海外),暂无,暂无
本田,本田(进口),元素,暂无,暂无
奥迪,一汽-大众奥迪,奥迪Q2L,21.77,26.85
奥迪,一汽-大众奥迪,奥迪Q3,26.00,35.98
奥迪,一汽-大众奥迪,奥迪Q5L,38.28,49.80
奥迪,一汽-大众奥迪,奥迪A6L新能源,45.48,45.48
本田,本田(进口),时韵,暂无,暂无
本田,本田(进口),本田HSV-010 GT,暂无,暂无
奥迪,一汽-大众奥迪,奥迪Q4,暂无,暂无
奥迪,一汽-大众奥迪,奥迪A4,暂无,暂无
奥迪,一汽-大众奥迪,奥迪A6,暂无,暂无
本田,本田(进口),本田S2000,暂无,暂无
奔驰,北京奔驰,奔驰A级AMG,暂无,暂无
奥迪,一汽-大众奥迪,奥迪Q5,暂无,暂无
奥迪,Audi Sport,奥迪RS 3,51.38,51.38
奥迪,Audi Sport,奥迪RS 4,82.28,82.28
奔驰,北京奔驰,奔驰EQC,暂无,暂无
奔驰,北京奔驰,奔驰A级,21.18,29.98
奥迪,Audi Sport,奥迪RS 5,86.98,86.98
奥迪,Audi Sport,奥迪RS 6,135.78,135.78
奥迪,Audi Sport,奥迪RS 7,153.98,153.98
奔驰,北京奔驰,奔驰C级,30.78,47.48
奔驰,北京奔驰,奔驰E级,42.58,61.68
奥迪,Audi Sport,奥迪R8,195.28,229.98
奥迪,Audi Sport,奥迪TT RS,76.98,76.98
奥迪,Audi Sport,奥迪RS Q3,暂无,暂无
奔驰,北京奔驰,奔驰GLA,26.48,38.58
奔驰,北京奔驰,奔驰GLC,39.08,58.78
奥迪,Audi Sport,奥迪RSQ e-tron,暂无,暂无
奥迪,奥迪(进口),奥迪e-tron,暂无,暂无
奥迪,奥迪(进口),奥迪A3(进口),33.58,33.58
奔驰,北京奔驰,奔驰E级新能源,暂无,暂无
奔驰,北京奔驰,奔驰GLB,暂无,暂无
奔驰,北京奔驰,奔驰C级新能源,暂无,暂无
奥迪,奥迪(进口),奥迪S3,36.38,36.38
奥迪,奥迪(进口),奥迪A4(进口),39.28,42.78
奥迪,奥迪(进口),奥迪A5,37.18,55.18
奔驰,北京奔驰,奔驰GLK级,暂无,暂无
奔驰,福建奔驰,奔驰V级,47.18,60.48
奥迪,奥迪(进口),奥迪S4,45.98,45.98
奥迪,奥迪(进口),奥迪S5,62.28,69.88
奥迪,奥迪(进口),奥迪S6,90.58,90.58
奔驰,福建奔驰,威霆,28.98,34.18
奔驰,福建奔驰,凌特,37.60,49.90
奔驰,福建奔驰,唯雅诺,暂无,暂无
奥迪,奥迪(进口),奥迪A7,79.08,85.98
奥迪,奥迪(进口),奥迪S7,123.08,123.08
奥迪,奥迪(进口),奥迪A8,83.88,122.08
奥迪,奥迪(进口),奥迪Q7,68.38,96.28
奔驰,奔驰(进口),奔驰A级(进口),21.98,33.68
奥迪,奥迪(进口),奥迪Q7新能源,79.08,79.08
奥迪,奥迪(进口),奥迪Q8,109.76,109.76
奥迪,奥迪(进口),奥迪TT,45.38,53.28
奥迪,奥迪(进口),奥迪TTS,59.78,63.48
奔驰,奔驰(进口),奔驰B级,22.08,33.18
奔驰,奔驰(进口),奔驰CLA级,23.28,35.98
奥迪,奥迪(进口),奥迪A6(进口),41.98,54.68
奥迪,奥迪(进口),奥迪A0,暂无,暂无
奥迪,奥迪(进口),奥迪A1,暂无,暂无
奔驰,奔驰(进口),奔驰C级(进口),35.58,52.88
奔驰,奔驰(进口),奔驰E级(进口),44.28,70.28
奔驰,奔驰(进口),奔驰CLS级,63.38,82.88
奥迪,奥迪(进口),奥迪S1,暂无,暂无
奥迪,奥迪(进口),e-tron Concept,暂无,暂无
奥迪,奥迪(进口),奥迪AI:ME,暂无,暂无
奥迪,奥迪(进口),奥迪A6新能源(进口),暂无,暂无
奔驰,奔驰(进口),奔驰S级,84.28,169.28
奔驰,奔驰(进口),奔驰GLC(进口),45.28,58.08
奥迪,奥迪(进口),奥迪A7新能源,暂无,暂无
奥迪,奥迪(进口),奥迪Aicon,暂无,暂无
奥迪,奥迪(进口),奥迪e-tron GT,暂无,暂无
奥迪,奥迪(进口),Prologue,暂无,暂无
奥迪,奥迪(进口),奥迪A8新能源,暂无,暂无
奔驰,奔驰(进口),奔驰GLE,72.78,135.38
奔驰,奔驰(进口),奔驰G级,155.88,158.80
奔驰,奔驰(进口),奔驰GLS,93.48,148.88
奥迪,奥迪(进口),奥迪A9,暂无,暂无
奥迪,奥迪(进口),奥迪S8,暂无,暂无
奥迪,奥迪(进口),AI:TRAIL quattro,暂无,暂无
奥迪,奥迪(进口),allroad,暂无,暂无
奔驰,奔驰(进口),奔驰SLC级,50.68,62.38
奔驰,奔驰(进口),奔驰SL级,99.38,99.38
奔驰,奔驰(进口),Concept A Sedan,暂无,暂无
奥迪,奥迪(进口),奥迪Q2,暂无,暂无
奥迪,奥迪(进口),奥迪SQ2,暂无,暂无
奥迪,奥迪(进口),奥迪Q3(进口),暂无,暂无
奥迪,奥迪(进口),奥迪Q4(进口),暂无,暂无
奔驰,奔驰(进口),奔驰A级新能源(进口),暂无,暂无
奔驰,奔驰(进口),奔驰B级新能源,暂无,暂无
奥迪,奥迪(进口),奥迪Q4新能源(进口),暂无,暂无
奥迪,奥迪(进口),奥迪TT offroad,暂无,暂无
奥迪,奥迪(进口),h-tron quattro,暂无,暂无
奔驰,奔驰(进口),奔驰C级新能源(进口),暂无,暂无
奥迪,奥迪(进口),奥迪Elaine,暂无,暂无
奥迪,奥迪(进口),奥迪Q5(进口),暂无,暂无
奥迪,奥迪(进口),奥迪Q5新能源(进口),暂无,暂无
奥迪,奥迪(进口),奥迪SQ5,暂无,暂无
奔驰,奔驰(进口),Concept IAA,暂无,暂无
奔驰,奔驰(进口),奔驰E级新能源(进口),暂无,暂无
奥迪,奥迪(进口),奥迪SQ7,暂无,暂无
奥迪,奥迪(进口),奥迪SQ8,暂无,暂无
奥迪,奥迪(进口),奥迪Q9,暂无,暂无
奥迪,奥迪(进口),e-tron Vision Gran Turismo,暂无,暂无
奔驰,奔驰(进口),奔驰F800,暂无,暂无
奔驰,奔驰(进口),奔驰F 015,暂无,暂无
奥迪,奥迪(进口),quattro,暂无,暂无
奥迪,奥迪(进口),奥迪PB18,暂无,暂无
奥迪,奥迪(进口),奥迪R18,暂无,暂无
奥迪,奥迪(进口),奥迪Urban,暂无,暂无
奔驰,奔驰(进口),奔驰S级新能源,暂无,暂无
奔驰,奔驰(进口),G-Code,暂无,暂无
奥迪,奥迪(进口),奥迪A2,暂无,暂无
奥迪,奥迪(进口),奥迪80,暂无,暂无
奥迪,奥迪(进口),奥迪A3新能源(进口),暂无,暂无
奥迪,奥迪(进口),奥迪Coupe,暂无,暂无
奔驰,奔驰(进口),奔驰GLA(进口),暂无,暂无
奔驰,奔驰(进口),奔驰GLB(海外),暂无,暂无
奥迪,奥迪(进口),奥迪100,暂无,暂无
奥迪,奥迪(进口),Crosslane Coupe,暂无,暂无
奥迪,奥迪(进口),奥迪Cross,暂无,暂无
奥迪,奥迪(进口),Nanuk,暂无,暂无
奔驰,奔驰(进口),Ener-G-Force,暂无,暂无
奔驰,奔驰(进口),奔驰GLC新能源(进口),暂无,暂无
阿尔法·罗密欧,阿尔法·罗密欧,Giulia,37.98,125.98
阿尔法·罗密欧,阿尔法·罗密欧,Stelvio,45.68,127.98
阿尔法·罗密欧,阿尔法·罗密欧,MiTo,暂无,暂无
阿尔法·罗密欧,阿尔法·罗密欧,Giulietta,暂无,暂无
奔驰,奔驰(进口),Coupe SUV,暂无,暂无
奔驰,奔驰(进口),奔驰GLE新能源,暂无,暂无
阿尔法·罗密欧,阿尔法·罗密欧,Tonale,暂无,暂无
阿尔法·罗密欧,阿尔法·罗密欧,ALFA 4C,暂无,暂无
阿尔法·罗密欧,阿尔法·罗密欧,Disco Volante,暂无,暂无
阿尔法·罗密欧,阿尔法·罗密欧,Gloria,暂无,暂无
奔驰,奔驰(进口),乌尼莫克U5000 SUV,暂无,暂无
奔驰,奔驰(进口),Sprinter,暂无,暂无
阿尔法·罗密欧,阿尔法·罗密欧,ALFA 147,暂无,暂无
阿尔法·罗密欧,阿尔法·罗密欧,ALFA 156,暂无,暂无
阿尔法·罗密欧,阿尔法·罗密欧,ALFA 159,暂无,暂无
阿尔法·罗密欧,阿尔法·罗密欧,ALFA 166,暂无,暂无
阿尔法·罗密欧,阿尔法·罗密欧,ALFA 2uettottanta,暂无,暂无
奔驰,奔驰(进口),Sprinter新能源,暂无,暂无
奔驰,奔驰(进口),Vision Tokyo,暂无,暂无
阿尔法·罗密欧,阿尔法·罗密欧,ALFA 8C,暂无,暂无
阿尔法·罗密欧,阿尔法·罗密欧,ALFA GT,暂无,暂无
阿尔法·罗密欧,阿尔法·罗密欧,ALFA S.Z.,暂无,暂无
阿尔法·罗密欧,阿尔法·罗密欧,ALFA TZ3,暂无,暂无
奔驰,奔驰(进口),Vision URBANETIC,暂无,暂无
奔驰,奔驰(进口),奔驰Citan,暂无,暂无
阿斯顿·马丁,阿斯顿·马丁,V8 Vantage,181.80,228.80
阿斯顿·马丁,阿斯顿·马丁,Vanquish,399.80,409.80
阿斯顿·马丁,阿斯顿·马丁,阿斯顿·马丁DB11,220.80,329.80
奔驰,奔驰(进口),奔驰V级(进口),暂无,暂无
奔驰,奔驰(进口),威霆(进口),暂无,暂无
阿斯顿·马丁,阿斯顿·马丁,阿斯顿·马丁DBS,366.80,376.80
阿斯顿·马丁,阿斯顿·马丁,Cygnet,暂无,暂无
阿斯顿·马丁,阿斯顿·马丁,Rapide,暂无,暂无
阿斯顿·马丁,阿斯顿·马丁,Rapide E,暂无,暂无
奔驰,奔驰(进口),Aesthetics Progressive Luxury,暂无,暂无
奔驰,奔驰(进口),Silver Arrow,暂无,暂无
阿斯顿·马丁,阿斯顿·马丁,阿斯顿·马丁DBX,暂无,暂无
阿斯顿·马丁,阿斯顿·马丁,V12 Vantage,暂无,暂无
阿斯顿·马丁,阿斯顿·马丁,阿斯顿·马丁DB9,暂无,暂无
阿斯顿·马丁,阿斯顿·马丁,Heritage EV,暂无,暂无
奔驰,奔驰(进口),Vision Mercedes Simplex,暂无,暂无
奔驰,奔驰(进口),奔驰CSC级,暂无,暂无
阿斯顿·马丁,阿斯顿·马丁,Valhalla,暂无,暂无
阿斯顿·马丁,阿斯顿·马丁,Virage,暂无,暂无
阿斯顿·马丁,阿斯顿·马丁,Vulcan,暂无,暂无
阿斯顿·马丁,阿斯顿·马丁,阿斯顿·马丁CC100,暂无,暂无
奔驰,奔驰(进口),奔驰F125,暂无,暂无
奔驰,奔驰(进口),Vision Van,暂无,暂无
阿斯顿·马丁,阿斯顿·马丁,阿斯顿·马丁DB10,暂无,暂无
阿斯顿·马丁,阿斯顿·马丁,阿斯顿·马丁DB5,暂无,暂无
阿斯顿·马丁,阿斯顿·马丁,阿斯顿·马丁DP-100,暂无,暂无
阿斯顿·马丁,阿斯顿·马丁,战神,暂无,暂无
奔驰,奔驰(进口),奔驰X级,暂无,暂无
奔驰,奔驰(进口),BlueZero,暂无,暂无
阿斯顿·马丁,阿斯顿·马丁,拉共达Taraf,暂无,暂无
阿斯顿·马丁,阿斯顿·马丁,Ulster,暂无,暂无
阿斯顿·马丁,阿斯顿·马丁,V12 Zagato,暂无,暂无
阿斯顿·马丁,阿斯顿·马丁,阿斯顿·马丁DB6,暂无,暂无
奔驰,奔驰(进口),奔驰GLK级(进口),暂无,暂无
奔驰,奔驰(进口),奔驰M级,暂无,暂无
阿斯顿·马丁,阿斯顿·马丁,阿斯顿·马丁One-77,暂无,暂无
ALPINA,ALPINA,ALPINA B4,109.80,109.80
ALPINA,ALPINA,ALPINA B3,暂无,暂无
奔驰,奔驰(进口),奔驰GL级,暂无,暂无
ALPINA,ALPINA,ALPINA D5,暂无,暂无
ALPINA,ALPINA,ALPINA B7,暂无,暂无
ALPINA,ALPINA,ALPINA XD3,暂无,暂无
ABT,ABT,ABT A3,暂无,暂无
奔驰,奔驰(进口),奔驰R级,暂无,暂无
奔驰,奔驰(进口),唯雅诺(进口),暂无,暂无
ABT,ABT,ABT A5,暂无,暂无
ABT,ABT,ABT TT,暂无,暂无
奔驰,奔驰(进口),Biome,暂无,暂无
奔驰,奔驰(进口),奔驰CLK级,暂无,暂无
奔驰,奔驰(进口),奔驰CL级,暂无,暂无
AC Schnitzer,AC Schnitzer,AC Schnitzer 3系,暂无,暂无
AC Schnitzer,AC Schnitzer,AC Schnitzer M4,暂无,暂无
AC Schnitzer,AC Schnitzer,AC Schnitzer 7系,暂无,暂无
奔驰,奔驰(进口),奔驰SLA级,暂无,暂无
奔驰,奔驰(进口),奔驰SLK级,暂无,暂无
AC Schnitzer,AC Schnitzer,AC Schnitzer X6,暂无,暂无
AC Schnitzer,AC Schnitzer,AC Schnitzer X5,暂无,暂无
AEV ROBOTICS,AEV ROBOTICS,Modular Vehicle System,暂无,暂无
Agile Automotive,Agile Automotive,Agile Automotive SC122,暂无,暂无
奔驰,奔驰(进口),奔驰SLR级,暂无,暂无
奔驰,梅赛德斯-AMG,奔驰A级AMG(进口),45.38,52.18
Agile Automotive,Agile Automotive,Agile Automotive SCX,暂无,暂无
Apollo,Apollo,Apollo N,暂无,暂无
Apollo,Apollo,Arrow,暂无,暂无
Apollo,Apollo,Intensa Emozione,暂无,暂无
奔驰,梅赛德斯-AMG,奔驰CLA级AMG,54.58,59.18
奔驰,梅赛德斯-AMG,奔驰C级AMG,59.98,116.58
Arash,Arash,AF8 Cassini,暂无,暂无
Arash,Arash,Arash AF10,暂无,暂无
ARCFOX,北汽新能源,ARCFOX-1,暂无,暂无
奔驰,梅赛德斯-AMG,奔驰E级AMG,89.58,162.98
奔驰,梅赛德斯-AMG,奔驰S级AMG,227.88,307.88
ARCFOX,北汽新能源,ARCFOX ECF Concept,暂无,暂无
ARCFOX,北汽新能源,ARCFOX-7,暂无,暂无
ARCFOX,北汽新能源,ARCFOX-GT,暂无,暂无
奔驰,梅赛德斯-AMG,奔驰GLA AMG,52.68,58.98
奔驰,梅赛德斯-AMG,奔驰GLC AMG,63.68,128.88
奔驰,梅赛德斯-AMG,奔驰GLE AMG,94.18,180.18
Aria,Aria,Aria FXE,暂无,暂无
ATS,ATS,ATS GT,暂无,暂无
Aurus,Aurus,Senat,暂无,暂无
奔驰,梅赛德斯-AMG,奔驰G级AMG,215.88,245.80
奔驰,梅赛德斯-AMG,奔驰GLS AMG,179.98,179.98
奔驰,梅赛德斯-AMG,AMG GT,97.38,229.88
艾康尼克,艾康尼克ICONIQ Motors,MUSE,暂无,暂无
艾康尼克,艾康尼克ICONIQ Motors,艾康尼克七系,暂无,暂无
爱驰,爱驰汽车,爱驰U5,暂无,暂无
奔驰,梅赛德斯-AMG,奔驰CLS级AMG,165.18,173.58
奔驰,梅赛德斯-AMG,GT Concept,暂无,暂无
爱驰,爱驰汽车,爱驰U7,暂无,暂无
爱驰,爱驰汽车,RG Nathalie,暂无,暂无
安凯客车,安凯客车,宝斯通,暂无,暂无
奔驰,梅赛德斯-AMG,奔驰GLB AMG,暂无,暂无
奔驰,梅赛德斯-AMG,奔驰SLK级AMG,暂无,暂无
奔驰,梅赛德斯-AMG,奔驰SL级AMG,暂无,暂无
奔驰,梅赛德斯-AMG,AMG ONE,暂无,暂无
奔驰,梅赛德斯-AMG,Vision,暂无,暂无
奔驰,梅赛德斯-AMG,奔驰SLC级AMG,暂无,暂无
奔驰,梅赛德斯-AMG,奔驰M级AMG,暂无,暂无
奔驰,梅赛德斯-AMG,奔驰GL级AMG,暂无,暂无
奔驰,梅赛德斯-AMG,奔驰CL级AMG,暂无,暂无
奔驰,梅赛德斯-AMG,奔驰SLS级AMG,暂无,暂无
奔驰,梅赛德斯-EQ,奔驰EQA,暂无,暂无
奔驰,梅赛德斯-EQ,奔驰EQB,暂无,暂无
奔驰,梅赛德斯-EQ,奔驰EQS,暂无,暂无
奔驰,梅赛德斯-EQ,Generation EQ,暂无,暂无
奔驰,梅赛德斯-EQ,奔驰EQC(海外),暂无,暂无
奔驰,梅赛德斯-EQ,奔驰EQV,暂无,暂无
奔驰,梅赛德斯-EQ,EQ Silver Arrow,暂无,暂无
奔驰,梅赛德斯-迈巴赫,迈巴赫S级,138.08,319.88
奔驰,梅赛德斯-迈巴赫,迈巴赫G级,暂无,暂无
奔驰,梅赛德斯-迈巴赫,至臻豪华概念车,暂无,暂无
奔驰,梅赛德斯-迈巴赫,Vision Mercedes-Maybach 6,暂无,暂无
宝马,华晨宝马,宝马1系,19.88,26.38
宝马,华晨宝马,宝马2系旅行车,21.98,28.98
宝马,华晨宝马,宝马3系,30.98,36.39
宝马,华晨宝马,宝马5系,42.69,64.39
宝马,华晨宝马,宝马5系新能源,49.69,53.69
宝马,华晨宝马,宝马X1,27.68,36.98
宝马,华晨宝马,宝马X1新能源,39.38,39.98
宝马,华晨宝马,宝马X2,26.68,32.98
宝马,华晨宝马,宝马X3,38.98,56.58
宝马,宝马(进口),宝马i3,33.98,40.58
宝马,宝马(进口),宝马1系(进口),23.18,42.98
宝马,宝马(进口),宝马3系GT,35.98,45.98
宝马,宝马(进口),宝马4系,35.98,61.98
宝马,宝马(进口),宝马5系(进口),41.99,59.39
宝马,宝马(进口),宝马6系GT,58.39,68.39
宝马,宝马(进口),宝马7系,82.80,242.80
宝马,宝马(进口),宝马7系新能源,106.80,106.80
宝马,宝马(进口),宝马8系,96.80,126.80
宝马,宝马(进口),宝马X4,45.58,58.58
宝马,宝马(进口),宝马X5,69.99,84.99
宝马,宝马(进口),宝马X5新能源,85.99,85.99
宝马,宝马(进口),宝马X6,75.39,89.89
宝马,宝马(进口),宝马X7,100.00,162.80
宝马,宝马(进口),宝马2系多功能旅行车,26.38,29.98
宝马,宝马(进口),宝马2系,26.38,33.98
宝马,宝马(进口),宝马i8,179.80,195.80
宝马,宝马(进口),宝马Z4,48.88,63.38
宝马,宝马(进口),宝马6系,85.80,171.80
宝马,宝马(进口),宝马X2(进口),28.18,36.98
宝马,宝马(进口),Compact Sedan,暂无,暂无
宝马,宝马(进口),i Vision Dynamics,暂无,暂无
宝马,宝马(进口),宝马2系旅行车(进口),暂无,暂无
宝马,宝马(进口),宝马2系旅行车新能源(进口),暂无,暂无
宝马,宝马(进口),Garmisch,暂无,暂无
宝马,宝马(进口),宝马3系(进口),暂无,暂无
宝马,宝马(进口),宝马3系新能源(进口),暂无,暂无
宝马,宝马(进口),VISION NEXT 100,暂无,暂无
宝马,宝马(进口),宝马5系新能源(进口),暂无,暂无
宝马,宝马(进口),Vision Future Luxury,暂无,暂无
宝马,宝马(进口),宝马X1(进口),暂无,暂无
宝马,宝马(进口),宝马iX3,暂无,暂无
宝马,宝马(进口),宝马X3(进口),暂无,暂无
宝马,宝马(进口),宝马X3新能源(进口),暂无,暂无
宝马,宝马(进口),i Hydrogen NEXT,暂无,暂无
宝马,宝马(进口),iNEXT,暂无,暂无
宝马,宝马(进口),宝马X7新能源,暂无,暂无
宝马,宝马(进口),2002 Hommage,暂无,暂无
宝马,宝马(进口),3.0 CSL Hommage,暂无,暂无
宝马,宝马(进口),Gran Lusso,暂无,暂无
宝马,宝马(进口),i Vision Future Interaction,暂无,暂无
宝马,宝马(进口),VISION M NEXT,暂无,暂无
宝马,宝马(进口),Zagato Coupe,暂无,暂无
宝马,宝马(进口),宝马Z2,暂无,暂无
宝马,宝马(进口),宝马X7皮卡,暂无,暂无
宝马,宝马(进口),Isetta,暂无,暂无
宝马,宝马(进口),Active Tourer,暂无,暂无
宝马,宝马(进口),Gran Coupe,暂无,暂无
宝马,宝马(进口),宝马5系GT,暂无,暂无
宝马,宝马(进口),ConnectedDrive,暂无,暂无
宝马,宝马(进口),EfficientDynamics,暂无,暂无
宝马,宝马(进口),宝马GINA,暂无,暂无
宝马,宝马(进口),宝马Z8,暂无,暂无
宝马,宝马M,宝马M3,87.68,108.89
宝马,宝马M,宝马M4,86.99,128.89
宝马,宝马M,宝马M5,146.89,147.99
宝马,宝马M,宝马X3 M,83.99,89.99
宝马,宝马M,宝马X4 M,86.99,92.99
宝马,宝马M,宝马X5 M,172.89,172.89
宝马,宝马M,宝马X6 M,175.99,175.99
宝马,宝马M,宝马M2,59.98,63.38
宝马,宝马M,宝马M8,196.80,219.80
宝马,宝马M,宝马M6,179.80,179.80
宝马,宝马M,宝马1系M,暂无,暂无
宝马,宝马M,宝马M1,暂无,暂无
别克,上汽通用别克,凯越,8.39,9.99
别克,上汽通用别克,威朗,13.59,18.59
别克,上汽通用别克,微蓝,16.58,19.98
别克,上汽通用别克,英朗,11.59,14.39
别克,上汽通用别克,阅朗,13.19,14.69
别克,上汽通用别克,君威,17.28,25.98
别克,上汽通用别克,君越,22.98,28.98
别克,上汽通用别克,昂科拉,12.59,15.59
别克,上汽通用别克,昂科拉GX,15.59,18.59
别克,上汽通用别克,昂科威,21.49,30.99
别克,上汽通用别克,别克GL6,13.99,16.69
别克,上汽通用别克,别克GL8,23.29,44.99
别克,上汽通用别克,Enspire,暂无,暂无
别克,上汽通用别克,昂科旗,暂无,暂无
别克,上汽通用别克,VELITE 5,暂无,暂无
别克,上汽通用别克,新世纪,暂无,暂无
别克,上汽通用别克,林荫大道,暂无,暂无
别克,上汽通用别克,荣御,暂无,暂无
别克,别克(进口),VERANO(海外),暂无,暂无
别克,别克(进口),君威(海外),暂无,暂无
别克,别克(进口),君越(海外),暂无,暂无
别克,别克(进口),Avenir,暂无,暂无
别克,别克(进口),昂科拉GX(海外),暂无,暂无
别克,别克(进口),Anthem,暂无,暂无
别克,别克(进口),昂科威(海外),暂无,暂无
别克,别克(进口),昂科雷,暂无,暂无
别克,别克(进口),Avista,暂无,暂无
别克,别克(进口),Riviera,暂无,暂无
别克,别克(进口),别克Cascada,暂无,暂无
别克,别克(进口),Roadmaster,暂无,暂无
别克,别克(进口),Special,暂无,暂无
别克,别克(进口),Business,暂无,暂无
比亚迪,比亚迪,比亚迪e3,暂无,暂无
比亚迪,比亚迪,秦,暂无,暂无
比亚迪,比亚迪,比亚迪e1,5.99,7.99
比亚迪,比亚迪,比亚迪e2,8.98,11.98
比亚迪,比亚迪,比亚迪F3,4.39,6.59
比亚迪,比亚迪,秦Pro,7.98,11.59
比亚迪,比亚迪,秦Pro新能源,13.69,29.99
比亚迪,比亚迪,秦新能源,13.29,26.07
比亚迪,比亚迪,速锐,5.99,6.99
比亚迪,比亚迪,比亚迪S2,8.98,10.98
比亚迪,比亚迪,元,5.99,9.99
比亚迪,比亚迪,元新能源,7.99,13.99
比亚迪,比亚迪,宋Pro,8.98,11.98
比亚迪,比亚迪,宋Pro新能源,16.98,21.98
比亚迪,比亚迪,唐,12.99,16.99
比亚迪,比亚迪,唐新能源,22.99,35.99
比亚迪,比亚迪,比亚迪e6,30.98,36.98
比亚迪,比亚迪,宋MAX,7.99,12.99
比亚迪,比亚迪,宋MAX新能源,14.99,19.69
比亚迪,比亚迪,宋,7.98,11.98
比亚迪,比亚迪,宋新能源,17.69,21.99
比亚迪,比亚迪,比亚迪e5,暂无,暂无
比亚迪,比亚迪,比亚迪e-SEED GT,暂无,暂无
比亚迪,比亚迪,比亚迪E-SEED,暂无,暂无
比亚迪,比亚迪,王朝概念车,暂无,暂无
比亚迪,比亚迪,比亚迪C6,暂无,暂无
比亚迪,比亚迪,商,暂无,暂无
比亚迪,比亚迪,比亚迪T3,暂无,暂无
比亚迪,比亚迪,比亚迪F0,暂无,暂无
比亚迪,比亚迪,福莱尔,暂无,暂无
比亚迪,比亚迪,比亚迪F3R,暂无,暂无
比亚迪,比亚迪,比亚迪F3新能源,暂无,暂无
比亚迪,比亚迪,比亚迪G3,暂无,暂无
比亚迪,比亚迪,比亚迪G3R,暂无,暂无
比亚迪,比亚迪,比亚迪G5,暂无,暂无
比亚迪,比亚迪,比亚迪L3,暂无,暂无
比亚迪,比亚迪,比亚迪F6,暂无,暂无
比亚迪,比亚迪,比亚迪G6,暂无,暂无
比亚迪,比亚迪,思锐,暂无,暂无
比亚迪,比亚迪,比亚迪S6,暂无,暂无
比亚迪,比亚迪,比亚迪S7,暂无,暂无
比亚迪,比亚迪,比亚迪M6,暂无,暂无
比亚迪,比亚迪,比亚迪S8,暂无,暂无
宝骏,上汽通用五菱,宝骏E100,4.98,5.98
宝骏,上汽通用五菱,宝骏E200,5.48,6.48
宝骏,上汽通用五菱,宝骏310,3.68,6.08
宝骏,上汽通用五菱,宝骏310W,4.28,7.28
宝骏,上汽通用五菱,宝骏RC-6,8.48,12.38
宝骏,上汽通用五菱,宝骏510,5.58,8.28
宝骏,上汽通用五菱,宝骏530,7.58,11.58
宝骏,上汽通用五菱,宝骏RS-5,9.78,13.58
宝骏,上汽通用五菱,宝骏360,5.68,8.08
宝骏,上汽通用五菱,宝骏730,6.08,10.88
宝骏,上汽通用五菱,宝骏RM-5,8.68,12.08
宝骏,上汽通用五菱,宝骏560,6.98,11.78
宝骏,上汽通用五菱,City Car,暂无,暂无
宝骏,上汽通用五菱,宝骏RC-5,暂无,暂无
宝骏,上汽通用五菱,宝骏RS-3,暂无,暂无
宝骏,上汽通用五菱,乐驰,暂无,暂无
宝骏,上汽通用五菱,宝骏330,暂无,暂无
宝骏,上汽通用五菱,宝骏610,暂无,暂无
宝骏,上汽通用五菱,宝骏630,暂无,暂无
宝骏,上汽通用五菱,宝骏RM-C,暂无,暂无
保时捷,保时捷,Taycan,114.80,179.80
保时捷,保时捷,Panamera,97.30,212.20
保时捷,保时捷,Panamera新能源,116.80,254.80
保时捷,保时捷,Macan,54.50,92.50
保时捷,保时捷,Cayenne,89.50,190.80
保时捷,保时捷,Cayenne新能源,92.30,101.20
保时捷,保时捷,保时捷718,54.50,89.50
保时捷,保时捷,保时捷911,119.70,389.80
保时捷,保时捷,Mission E,暂无,暂无
保时捷,保时捷,Pajun,暂无,暂无
保时捷,保时捷,919 Hybrid,暂无,暂无
保时捷,保时捷,981 Bergspyder,暂无,暂无
保时捷,保时捷,保时捷917,暂无,暂无
保时捷,保时捷,918 Spyder,暂无,暂无
保时捷,保时捷,Boxster,暂无,暂无
保时捷,保时捷,Carrera GT,暂无,暂无
保时捷,保时捷,Cayman,暂无,暂无
保时捷,保时捷,保时捷356,暂无,暂无
保时捷,保时捷,保时捷968,暂无,暂无
标致,东风标致,标致301,8.47,10.77
标致,东风标致,标致308,8.97,13.07
标致,东风标致,标致408,11.77,16.97
标致,东风标致,标致508,15.97,25.47
标致,东风标致,标致2008,8.97,12.87
标致,东风标致,标致3008,13.97,14.97
标致,东风标致,标致4008,16.97,24.37
标致,东风标致,标致5008,18.77,27.37
标致,东风标致,标致508新能源,暂无,暂无
标致,东风标致,标致4008新能源,暂无,暂无
标致,东风标致,标致206,暂无,暂无
标致,东风标致,标致207,暂无,暂无
标致,东风标致,标致307,暂无,暂无
标致,东风标致,标致308S,暂无,暂无
标致,标致(进口),标致107,暂无,暂无
标致,标致(进口),标致108,暂无,暂无
标致,标致(进口),Fractal,暂无,暂无
标致,标致(进口),标致208,暂无,暂无
标致,标致(进口),标致e-208,暂无,暂无
标致,标致(进口),EXALT,暂无,暂无
标致,标致(进口),Instinct,暂无,暂无
标致,标致(进口),标致301(海外),暂无,暂无
标致,标致(进口),标致308(进口),暂无,暂无
标致,标致(进口),标致408 GT,暂无,暂无
标致,标致(进口),e-Legend,暂无,暂无
标致,标致(进口),标致508(进口),暂无,暂无
标致,标致(进口),标致508新能源(进口),暂无,暂无
标致,标致(进口),标致608,暂无,暂无
标致,标致(进口),标致HX1,暂无,暂无
标致,标致(进口),Urban Crossover,暂无,暂无
标致,标致(进口),标致2008(海外),暂无,暂无
标致,标致(进口),标致2008新能源(海外),暂无,暂无
标致,标致(进口),Quartz,暂无,暂无
标致,标致(进口),标致3008(进口),暂无,暂无
标致,标致(进口),标致3008新能源(进口),暂无,暂无
标致,标致(进口),标致5008(海外),暂无,暂无
标致,标致(进口),标致6008,暂无,暂无
标致,标致(进口),标致SXC,暂无,暂无
标致,标致(进口),Partner,暂无,暂无
标致,标致(进口),Rifter,暂无,暂无
标致,标致(进口),标致5008经典,暂无,暂无
标致,标致(进口),L500 R HYBRID,暂无,暂无
标致,标致(进口),ONYX,暂无,暂无
标致,标致(进口),Vision Gran Turismo,暂无,暂无
标致,标致(进口),标致RCZ,暂无,暂无
标致,标致(进口),Boxer,暂无,暂无
标致,标致(进口),TRAVELLER,暂无,暂无
标致,标致(进口),Pick Up,暂无,暂无
标致,标致(进口),标致BB1,暂无,暂无
标致,标致(进口),标致iOn,暂无,暂无
标致,标致(进口),标致206(进口),暂无,暂无
标致,标致(进口),标致207(进口),暂无,暂无
标致,标致(进口),标致307(进口),暂无,暂无
标致,标致(进口),5 by Peugeot,暂无,暂无
标致,标致(进口),标致407,暂无,暂无
标致,标致(进口),标致607,暂无,暂无
标致,标致(进口),标致HR1,暂无,暂无
标致,标致(进口),标致4007,暂无,暂无
标致,标致(进口),标致4008(进口),暂无,暂无
标致,标致(进口),标致807,暂无,暂无
标致,标致(进口),标致EX1,暂无,暂无
标致,标致(进口),标致SR1,暂无,暂无
北京汽车,北京汽车,绅宝D50,6.79,9.99
北京汽车,北京汽车,BEIJING-U7,7.99,12.29
北京汽车,北京汽车,绅宝D70,15.98,19.18
北京汽车,北京汽车,BEIJING-X3,4.99,9.59
北京汽车,北京汽车,绅宝X25,5.58,7.58
北京汽车,北京汽车,绅宝X35,6.58,8.88
北京汽车,北京汽车,绅宝X65,9.88,14.98
北京汽车,北京汽车,智行,5.99,11.99
北京汽车,北京汽车,绅宝X55,7.68,11.98
北京汽车,北京汽车,OFFspace D70,暂无,暂无
北京汽车,北京汽车,Illuminate,暂无,暂无
北京汽车,北京汽车,绅宝OffSpace,暂无,暂无
北京汽车,北京汽车,OffSpace SUIT,暂无,暂无
北京汽车,北京汽车,concept900,暂无,暂无
北京汽车,北京汽车,北京汽车E系列,暂无,暂无
北京汽车,北京汽车,绅宝D20,暂无,暂无
北京汽车,北京汽车,北京汽车C70,暂无,暂无
北京汽车,北京汽车,绅宝CC,暂无,暂无
北京汽车,北京汽车,绅宝D60,暂无,暂无
北京汽车,北京汽车,北京汽车C60F,暂无,暂无
北京汽车,北京汽车,北京汽车T60,暂无,暂无
北京汽车,北京汽车,绅宝D80,暂无,暂无
北京汽车,北京汽车,北京汽车C90L,暂无,暂无
北京,北京越野,北京BJ90,暂无,暂无
北京,北京越野,北京BJ20,9.68,13.98
北京,北京越野,北京BJ40,12.98,20.49
北京,北京越野,北京BJ80,29.80,39.80
北京,北京越野,北京F40,14.98,14.98
北京,北京越野,北京BJ100,暂无,暂无
北京,北京越野,北京BJ80新能源,暂无,暂无
北京,北京越野,北京B61,暂无,暂无
北京,北京越野,北京B70,暂无,暂无
北京,北京越野,concept500,暂无,暂无
北京,北京越野,北京B90,暂无,暂无
奔腾,一汽奔腾,奔腾T99,暂无,暂无
奔腾,一汽奔腾,奔腾B30,6.58,9.28
奔腾,一汽奔腾,奔腾B30EV,17.38,18.98
奔腾,一汽奔腾,奔腾B50,8.59,15.28
奔腾,一汽奔腾,奔腾B70,10.48,12.28
奔腾,一汽奔腾,奔腾B90,14.58,19.98
奔腾,一汽奔腾,奔腾T33,6.98,9.98
奔腾,一汽奔腾,奔腾X40,6.68,9.78
奔腾,一汽奔腾,奔腾X40新能源,18.38,18.98
奔腾,一汽奔腾,奔腾T77,8.98,13.68
奔腾,一汽奔腾,奔腾X80,9.98,14.78
奔腾,一汽奔腾,奔腾E2 Concept,暂无,暂无
奔腾,一汽奔腾,奔腾X4,暂无,暂无
奔腾,一汽奔腾,奔腾X6,暂无,暂无
奔腾,一汽奔腾,奔腾X70,暂无,暂无
宾利,宾利,慕尚,495.00,555.80
宾利,宾利,飞驰,278.00,435.80
宾利,宾利,添越,269.00,398.00
宾利,宾利,添越PHEV,219.70,219.70
宾利,宾利,欧陆,288.00,459.80
宾利,宾利,EXP 10 Speed 6,暂无,暂无
宾利,宾利,EXP 100 GT,暂无,暂无
宾利,宾利,EXP 12 Speed 6e,暂无,暂无
宾利,宾利,Grand Convertible,暂无,暂无
宾利,宾利,Brooklands,暂无,暂无
宾利,宾利,雅骏,暂无,暂无
宾利,宾利,雅致,暂无,暂无
北汽制造,北京汽车制造厂,战旗,8.06,9.86
北汽制造,北京汽车制造厂,BJ 212,7.78,10.48
北汽制造,北京汽车制造厂,北京BW007,8.28,10.78
北汽制造,北京汽车制造厂,勇士,9.98,16.17
北汽制造,北京汽车制造厂,陆霸,15.28,17.28
北汽制造,北京汽车制造厂,越铃,5.17,7.58
北汽制造,北京汽车制造厂,锐铃,7.93,8.08
北汽制造,北京汽车制造厂,勇士皮卡,7.80,11.56
北汽制造,北京汽车制造厂,骑士S12,暂无,暂无
宝沃,宝沃汽车,宝沃BX5,12.38,15.58
宝沃,宝沃汽车,宝沃BX6,18.28,19.98
宝沃,宝沃汽车,宝沃BX7,16.98,30.28
宝沃,宝沃汽车,宝沃BXi7,35.88,37.88
宝沃,宝沃汽车,宝沃BX3,暂无,暂无
宝沃,宝沃(进口),Isabella,暂无,暂无
北汽幻速,北汽新能源,北汽幻速S5-EV,暂无,暂无
北汽幻速,北汽新能源,北汽幻速H6-EV,暂无,暂无
北汽幻速,北汽银翔,北汽幻速S2,5.18,6.08
北汽幻速,北汽银翔,北汽幻速S3,5.38,6.98
北汽幻速,北汽银翔,北汽幻速S5,5.98,8.58
北汽幻速,北汽银翔,北汽幻速S6,8.88,11.68
北汽幻速,北汽银翔,北汽幻速S7,7.88,11.58
北汽幻速,北汽银翔,北汽幻速H3,5.58,6.78
北汽幻速,北汽银翔,北汽幻速H5,8.18,8.88
北汽幻速,北汽银翔,北汽幻速H2,3.98,6.68
北汽幻速,北汽银翔,北汽幻速H2V,3.58,3.98
北汽幻速,北汽银翔,北汽幻速H6,5.98,7.58
北汽幻速,北汽银翔,北汽幻速C21,暂无,暂无
北汽幻速,北汽银翔,北汽幻速S4,暂无,暂无
北汽幻速,北汽银翔,北汽幻速C60,暂无,暂无
巴博斯,巴博斯,巴博斯 smart forfour,21.58,21.58
巴博斯,巴博斯,巴博斯 smart fortwo,20.78,30.19
巴博斯,巴博斯,巴博斯 SLK级,62.00,62.00
巴博斯,巴博斯,巴博斯 A级,暂无,暂无
巴博斯,巴博斯,巴博斯 B级,暂无,暂无
巴博斯,巴博斯,巴博斯 smart fortwo新能源,暂无,暂无
巴博斯,巴博斯,巴博斯 C级,暂无,暂无
巴博斯,巴博斯,巴博斯 CLS级,暂无,暂无
巴博斯,巴博斯,巴博斯 E级,暂无,暂无
巴博斯,巴博斯,巴博斯 S级,暂无,暂无
巴博斯,巴博斯,巴博斯 G级,暂无,暂无
巴博斯,巴博斯,巴博斯 M级,暂无,暂无
巴博斯,巴博斯,巴博斯 GL级,暂无,暂无
巴博斯,巴博斯,巴博斯 CL级,暂无,暂无
巴博斯,巴博斯,巴博斯 SLS级,暂无,暂无
巴博斯,巴博斯,巴博斯 SL级,暂无,暂无
北汽昌河,北汽昌河,北斗星X5E,11.50,14.30
北汽昌河,北汽昌河,北斗星快闪,3.58,4.10
北汽昌河,北汽昌河,昌河北斗星,5.00,5.70
北汽昌河,北汽昌河,北汽昌河A6,5.98,9.98
北汽昌河,北汽昌河,北汽昌河Q25,5.59,7.59
北汽昌河,北汽昌河,北汽昌河Q35,6.59,8.99
北汽昌河,北汽昌河,北汽昌河Q7,8.79,14.89
北汽昌河,北汽昌河,北汽昌河M70,5.49,6.49
北汽昌河,北汽昌河,北汽昌河M50,4.18,5.28
北汽昌河,北汽昌河,福瑞达K21,3.74,4.88
北汽昌河,北汽昌河,福瑞达K22,3.94,5.13
北汽昌河,北汽昌河,北斗星E,暂无,暂无
北汽昌河,北汽昌河,爱迪尔,暂无,暂无
北汽昌河,北汽昌河,福瑞达,暂无,暂无
北汽昌河,北汽昌河,福运,暂无,暂无
北汽新能源,北汽新能源,北汽新能源EC,5.58,6.18
北汽新能源,北汽新能源,北汽新能源EC3,7.38,7.98
北汽新能源,北汽新能源,北汽新能源EU,12.98,12.98
北汽新能源,北汽新能源,北汽新能源EU5,13.29,17.19
北汽新能源,北汽新能源,BEIJING-EU7,15.99,17.59
北汽新能源,北汽新能源,北汽新能源EC5,9.99,11.99
北汽新能源,北汽新能源,北汽新能源EX,8.49,10.39
北汽新能源,北汽新能源,北汽新能源EX3,12.39,16.39
北汽新能源,北汽新能源,北汽新能源EX5,16.99,19.99
北汽新能源,北汽新能源,北汽EV5,10.38,11.38
北汽新能源,北汽新能源,北汽新能源C90EV,暂无,暂无
北汽新能源,北汽新能源,北汽新能源D80EV,暂无,暂无
北汽新能源,北汽新能源,北汽新能源EX400L,暂无,暂无
北汽新能源,北汽新能源,北汽新能源ET400,暂无,暂无
北汽新能源,北汽新能源,北汽新能源EX300L,暂无,暂无
北汽新能源,北汽新能源,北汽新能源EV,暂无,暂无
北汽新能源,北汽新能源,北汽新能源ES210,暂无,暂无
北汽新能源,北汽新能源,北汽新能源EH,暂无,暂无
北汽新能源,北汽新能源,EX概念车,暂无,暂无
比德文汽车,比德文汽车,比德文E3,4.98,6.28
北汽威旺,北京汽车,北汽威旺S50,7.98,12.08
北汽威旺,北京汽车,北汽威旺M50F,5.58,8.68
北汽威旺,北京汽车,北汽威旺M60,6.68,9.88
北汽威旺,北京汽车,北汽威旺306,3.18,4.64
北汽威旺,北京汽车,北汽威旺M20,3.68,4.18
北汽威旺,北京汽车,北汽威旺M30,4.48,5.58
北汽威旺,北京汽车,北汽威旺307,4.38,5.13
北汽威旺,北京汽车,北汽威旺BQ5,暂无,暂无
北汽威旺,北京汽车,北汽威旺205,暂无,暂无
北汽威旺,北京汽车,北汽威旺M35,暂无,暂无
北汽威旺,北京汽车,北汽威旺T205-D,暂无,暂无
北汽威旺,北京汽车制造厂,北汽007,暂无,暂无
北汽威旺,北汽新能源,北汽威旺407EV,10.98,10.98
北汽威旺,北汽新能源,北汽威旺307EV,暂无,暂无
北汽威旺,北汽新能源,北汽威旺608EV,暂无,暂无
比速汽车,比速汽车,比速T3,7.49,8.99
比速汽车,比速汽车,比速T5,7.29,10.49
比速汽车,比速汽车,比速M3,6.19,8.39
比速汽车,比速汽车,比速T Concept,暂无,暂无
比速汽车,比速汽车,比速T7,暂无,暂无
北汽道达,北汽瑞丽,道达V8,12.98,14.98
布加迪,布加迪,Centodieci,暂无,暂无
布加迪,布加迪,Chiron,暂无,暂无
布加迪,布加迪,Divo,暂无,暂无
布加迪,布加迪,La Voiture Noire,暂无,暂无
布加迪,布加迪,布加迪Vision GT,暂无,暂无
布加迪,布加迪,威航,暂无,暂无
布加迪,布加迪,Galibier,暂无,暂无
BAC,BAC,Mono,暂无,暂无
Bollinger Motors,Bollinger Motors,Bollinger B1,暂无,暂无
Bollinger Motors,Bollinger Motors,Bollinger B2,暂无,暂无
拜腾,拜腾,BYTON K-Byte,暂无,暂无
拜腾,拜腾,BYTON M-Byte,暂无,暂无
宝腾,宝腾汽车,宝腾X70,暂无,暂无
保斐利,保斐利,La JOYA,暂无,暂无
北京清行,北京清行,清行400,暂无,暂无
宾尼法利纳,宾尼法利纳,Battista,暂无,暂无
宾尼法利纳,宾尼法利纳,H2 Speed,暂无,暂无
博郡汽车,博郡汽车,博郡iV6,暂无,暂无
博郡汽车,博郡汽车,博郡iV7,暂无,暂无
